{"cameraMode":{"drawMode":0,"name":"Shaded","section":"Shading Mode"},"sceneLighting":true,"audioPlay":false,"sceneViewState":{"showFog":true,"showMaterialUpdate":false,"showSkybox":true,"showFlares":false,"showImageEffects":true,"showParticleSystems":true},"in2DMode":false,"pivot":{"x":0.0,"y":7.079999923706055,"z":0.3100000023841858},"rotation":{"x":0.7217974066734314,"y":0.0010362075408920646,"z":-0.001084867282770574,"w":0.6921027302742004},"size":-2.9547653198242189,"orthographic":false}