{"cameraMode":{"drawMode":0,"name":"Shaded","section":"Shading Mode"},"sceneLighting":true,"audioPlay":false,"sceneViewState":{"showFog":true,"showMaterialUpdate":false,"showSkybox":true,"showFlares":true,"showImageEffects":true,"showParticleSystems":true},"in2DMode":false,"pivot":{"x":-0.19580078125,"y":4.41680908203125,"z":-3.016845703125},"rotation":{"x":-0.03828570991754532,"y":0.878077507019043,"z":-0.07127982378005982,"w":-0.4716282784938812},"size":1.911018967628479,"orthographic":true}