{"cameraMode":{"drawMode":0,"name":"Shaded","section":"Shading Mode"},"sceneLighting":true,"audioPlay":false,"sceneViewState":{"showFog":true,"showMaterialUpdate":false,"showSkybox":true,"showFlares":true,"showImageEffects":true,"showParticleSystems":true},"in2DMode":false,"pivot":{"x":1.498154640197754,"y":4.562899589538574,"z":-3.611481189727783},"rotation":{"x":0.030011486262083055,"y":-0.637898862361908,"z":0.024890761822462083,"w":0.7691324353218079},"size":1.9600719213485718,"orthographic":true}