{"cameraMode":{"drawMode":0,"name":"Shaded","section":"Shading Mode"},"sceneLighting":false,"audioPlay":false,"sceneViewState":{"showFog":true,"showMaterialUpdate":false,"showSkybox":false,"showFlares":true,"showImageEffects":true,"showParticleSystems":true},"in2DMode":false,"pivot":{"x":0.01137542724609375,"y":-0.03326916694641113,"z":0.63494873046875},"rotation":{"x":-0.07773766666650772,"y":0.061389777809381488,"z":-0.005381447728723288,"w":-0.9950674772262573},"size":2.1452343463897707,"orthographic":false}