{"cameraMode":{"drawMode":0,"name":"Shaded","section":"Shading Mode"},"sceneLighting":false,"audioPlay":false,"sceneViewState":{"showFog":true,"showMaterialUpdate":false,"showSkybox":false,"showFlares":true,"showImageEffects":true,"showParticleSystems":true},"in2DMode":false,"pivot":{"x":-0.2788597643375397,"y":-0.4194456934928894,"z":1.1854877471923829},"rotation":{"x":-0.05086308717727661,"y":-0.9279542565345764,"z":0.13577456772327424,"w":-0.3433353304862976},"size":22.0,"orthographic":false}