{"cameraMode":{"drawMode":0,"name":"Shaded","section":"Shading Mode"},"sceneLighting":true,"audioPlay":false,"sceneViewState":{"showFog":true,"showMaterialUpdate":false,"showSkybox":true,"showFlares":true,"showImageEffects":true,"showParticleSystems":true},"in2DMode":false,"pivot":{"x":0.8298502564430237,"y":-2.1783833503723146,"z":-0.845566987991333},"rotation":{"x":0.12836240231990815,"y":0.791571319103241,"z":-0.1781696230173111,"w":0.5702575445175171},"size":10.525142669677735,"orthographic":false}